ID,Project,Website,Collection,Benchmark,Short_Name,Description,Access,Notebook,Format,Category,Start,End,Region,Coordinate,Spatial Resolution,Temporal Resolution,Released,Polygon,Variables,DOI,Theme1,Theme2,Theme3,EO_Missions,Consortium
0,4dHydro,https://datapub.fz-juelich.de/slts/4DHydro/data_clm35_europe_3km_remap_EMO-pr-forcing/,CLM 0.0275 degree evapotranspiration for Europe  (1995-01-01 - 1995-12-31),,clm_emo_et_europe_0p0275deg_daily_19950101_19951231,CLM 0.0275 degree evapotranspiration output for the Europe region between 1995-01-01 and 1995-12-31,https://datapub.fz-juelich.de/slts/4DHydro/data_clm35_europe_3km_remap_EMO-pr-forcing//clm_emo_et_europe_0p0275deg_daily_19950101_19951231.nc,,NetCDF,,1995-01-01,1995-12-31,europe,WGS84,0.0275 degree,daily,2024-04-03,"[[[-10,33],[41,33],[41,72],[-10,72],[-10,33]]]",evapotranspiration,https://datapub.fz-juelich.de/slts/4DHydro/,land,,,,FZJ
1,4dHydro,https://datapub.fz-juelich.de/slts/4DHydro/data_clm35_europe_3km_remap_EMO-pr-forcing/,CLM 0.0275 degree evapotranspiration for Europe  (1996-01-01 - 1996-12-31),,clm_emo_et_europe_0p0275deg_daily_19960101_19961231,CLM 0.0275 degree evapotranspiration output for the Europe region between 1996-01-01 and 1996-12-31,https://datapub.fz-juelich.de/slts/4DHydro/data_clm35_europe_3km_remap_EMO-pr-forcing//clm_emo_et_europe_0p0275deg_daily_19960101_19961231.nc,,NetCDF,,1996-01-01,1996-12-31,europe,WGS84,0.0275 degree,daily,2024-04-03,"[[[-10,33],[41,33],[41,72],[-10,72],[-10,33]]]",evapotranspiration,https://datapub.fz-juelich.de/slts/4DHydro/,land,,,,FZJ
2,4dHydro,https://datapub.fz-juelich.de/slts/4DHydro/data_clm35_europe_3km_remap_EMO-pr-forcing/,CLM 0.0275 degree evapotranspiration for Europe  (1997-01-01 - 1997-12-31),,clm_emo_et_europe_0p0275deg_daily_19970101_19971231,CLM 0.0275 degree evapotranspiration output for the Europe region between 1997-01-01 and 1997-12-31,https://datapub.fz-juelich.de/slts/4DHydro/data_clm35_europe_3km_remap_EMO-pr-forcing//clm_emo_et_europe_0p0275deg_daily_19970101_19971231.nc,,NetCDF,,1997-01-01,1997-12-31,europe,WGS84,0.0275 degree,daily,2024-04-03,"[[[-10,33],[41,33],[41,72],[-10,72],[-10,33]]]",evapotranspiration,https://datapub.fz-juelich.de/slts/4DHydro/,land,,,,FZJ
3,4dHydro,https://datapub.fz-juelich.de/slts/4DHydro/data_clm35_europe_3km_remap_EMO-pr-forcing/,CLM 0.0275 degree evapotranspiration for Europe  (1998-01-01 - 1998-12-31),,clm_emo_et_europe_0p0275deg_daily_19980101_19981231,CLM 0.0275 degree evapotranspiration output for the Europe region between 1998-01-01 and 1998-12-31,https://datapub.fz-juelich.de/slts/4DHydro/data_clm35_europe_3km_remap_EMO-pr-forcing//clm_emo_et_europe_0p0275deg_daily_19980101_19981231.nc,,NetCDF,,1998-01-01,1998-12-31,europe,WGS84,0.0275 degree,daily,2024-04-03,"[[[-10,33],[41,33],[41,72],[-10,72],[-10,33]]]",evapotranspiration,https://datapub.fz-juelich.de/slts/4DHydro/,land,,,,FZJ
4,4dHydro,https://datapub.fz-juelich.de/slts/4DHydro/data_clm35_europe_3km_remap_EMO-pr-forcing/,CLM 0.0275 degree evapotranspiration for Europe  (1999-01-01 - 1999-12-31),,clm_emo_et_europe_0p0275deg_daily_19990101_19991231,CLM 0.0275 degree evapotranspiration output for the Europe region between 1999-01-01 and 1999-12-31,https://datapub.fz-juelich.de/slts/4DHydro/data_clm35_europe_3km_remap_EMO-pr-forcing//clm_emo_et_europe_0p0275deg_daily_19990101_19991231.nc,,NetCDF,,1999-01-01,1999-12-31,europe,WGS84,0.0275 degree,daily,2024-04-03,"[[[-10,33],[41,33],[41,72],[-10,72],[-10,33]]]",evapotranspiration,https://datapub.fz-juelich.de/slts/4DHydro/,land,,,,FZJ
5,4dHydro,https://datapub.fz-juelich.de/slts/4DHydro/data_clm35_europe_3km_remap_EMO-pr-forcing/,CLM 0.0275 degree evapotranspiration for Europe  (2000-01-01 - 2000-12-31),,clm_emo_et_europe_0p0275deg_daily_20000101_20001231,CLM 0.0275 degree evapotranspiration output for the Europe region between 2000-01-01 and 2000-12-31,https://datapub.fz-juelich.de/slts/4DHydro/data_clm35_europe_3km_remap_EMO-pr-forcing//clm_emo_et_europe_0p0275deg_daily_20000101_20001231.nc,,NetCDF,,2000-01-01,2000-12-31,europe,WGS84,0.0275 degree,daily,2024-04-03,"[[[-10,33],[41,33],[41,72],[-10,72],[-10,33]]]",evapotranspiration,https://datapub.fz-juelich.de/slts/4DHydro/,land,,,,FZJ
6,4dHydro,https://datapub.fz-juelich.de/slts/4DHydro/data_clm35_europe_3km_remap_EMO-pr-forcing/,CLM 0.0275 degree evapotranspiration for Europe  (2001-01-01 - 2001-12-31),,clm_emo_et_europe_0p0275deg_daily_20010101_20011231,CLM 0.0275 degree evapotranspiration output for the Europe region between 2001-01-01 and 2001-12-31,https://datapub.fz-juelich.de/slts/4DHydro/data_clm35_europe_3km_remap_EMO-pr-forcing//clm_emo_et_europe_0p0275deg_daily_20010101_20011231.nc,,NetCDF,,2001-01-01,2001-12-31,europe,WGS84,0.0275 degree,daily,2024-04-03,"[[[-10,33],[41,33],[41,72],[-10,72],[-10,33]]]",evapotranspiration,https://datapub.fz-juelich.de/slts/4DHydro/,land,,,,FZJ
7,4dHydro,https://datapub.fz-juelich.de/slts/4DHydro/data_clm35_europe_3km_remap_EMO-pr-forcing/,CLM 0.0275 degree evapotranspiration for Europe  (2002-01-01 - 2002-12-31),,clm_emo_et_europe_0p0275deg_daily_20020101_20021231,CLM 0.0275 degree evapotranspiration output for the Europe region between 2002-01-01 and 2002-12-31,https://datapub.fz-juelich.de/slts/4DHydro/data_clm35_europe_3km_remap_EMO-pr-forcing//clm_emo_et_europe_0p0275deg_daily_20020101_20021231.nc,,NetCDF,,2002-01-01,2002-12-31,europe,WGS84,0.0275 degree,daily,2024-04-03,"[[[-10,33],[41,33],[41,72],[-10,72],[-10,33]]]",evapotranspiration,https://datapub.fz-juelich.de/slts/4DHydro/,land,,,,FZJ
8,4dHydro,https://datapub.fz-juelich.de/slts/4DHydro/data_clm35_europe_3km_remap_EMO-pr-forcing/,CLM 0.0275 degree evapotranspiration for Europe  (2003-01-01 - 2003-12-31),,clm_emo_et_europe_0p0275deg_daily_20030101_20031231,CLM 0.0275 degree evapotranspiration output for the Europe region between 2003-01-01 and 2003-12-31,https://datapub.fz-juelich.de/slts/4DHydro/data_clm35_europe_3km_remap_EMO-pr-forcing//clm_emo_et_europe_0p0275deg_daily_20030101_20031231.nc,,NetCDF,,2003-01-01,2003-12-31,europe,WGS84,0.0275 degree,daily,2024-04-03,"[[[-10,33],[41,33],[41,72],[-10,72],[-10,33]]]",evapotranspiration,https://datapub.fz-juelich.de/slts/4DHydro/,land,,,,FZJ
9,4dHydro,https://datapub.fz-juelich.de/slts/4DHydro/data_clm35_europe_3km_remap_EMO-pr-forcing/,CLM 0.0275 degree evapotranspiration for Europe  (2004-01-01 - 2004-12-31),,clm_emo_et_europe_0p0275deg_daily_20040101_20041231,CLM 0.0275 degree evapotranspiration output for the Europe region between 2004-01-01 and 2004-12-31,https://datapub.fz-juelich.de/slts/4DHydro/data_clm35_europe_3km_remap_EMO-pr-forcing//clm_emo_et_europe_0p0275deg_daily_20040101_20041231.nc,,NetCDF,,2004-01-01,2004-12-31,europe,WGS84,0.0275 degree,daily,2024-04-03,"[[[-10,33],[41,33],[41,72],[-10,72],[-10,33]]]",evapotranspiration,https://datapub.fz-juelich.de/slts/4DHydro/,land,,,,FZJ
10,4dHydro,https://datapub.fz-juelich.de/slts/4DHydro/data_clm35_europe_3km_remap_EMO-pr-forcing/,CLM 0.0275 degree evapotranspiration for Europe  (2005-01-01 - 2005-12-31),,clm_emo_et_europe_0p0275deg_daily_20050101_20051231,CLM 0.0275 degree evapotranspiration output for the Europe region between 2005-01-01 and 2005-12-31,https://datapub.fz-juelich.de/slts/4DHydro/data_clm35_europe_3km_remap_EMO-pr-forcing//clm_emo_et_europe_0p0275deg_daily_20050101_20051231.nc,,NetCDF,,2005-01-01,2005-12-31,europe,WGS84,0.0275 degree,daily,2024-04-03,"[[[-10,33],[41,33],[41,72],[-10,72],[-10,33]]]",evapotranspiration,https://datapub.fz-juelich.de/slts/4DHydro/,land,,,,FZJ
11,4dHydro,https://datapub.fz-juelich.de/slts/4DHydro/data_clm35_europe_3km_remap_EMO-pr-forcing/,CLM 0.0275 degree evapotranspiration for Europe  (2006-01-01 - 2006-12-31),,clm_emo_et_europe_0p0275deg_daily_20060101_20061231,CLM 0.0275 degree evapotranspiration output for the Europe region between 2006-01-01 and 2006-12-31,https://datapub.fz-juelich.de/slts/4DHydro/data_clm35_europe_3km_remap_EMO-pr-forcing//clm_emo_et_europe_0p0275deg_daily_20060101_20061231.nc,,NetCDF,,2006-01-01,2006-12-31,europe,WGS84,0.0275 degree,daily,2024-04-03,"[[[-10,33],[41,33],[41,72],[-10,72],[-10,33]]]",evapotranspiration,https://datapub.fz-juelich.de/slts/4DHydro/,land,,,,FZJ
12,4dHydro,https://datapub.fz-juelich.de/slts/4DHydro/data_clm35_europe_3km_remap_EMO-pr-forcing/,CLM 0.0275 degree evapotranspiration for Europe  (2007-01-01 - 2007-12-31),,clm_emo_et_europe_0p0275deg_daily_20070101_20071231,CLM 0.0275 degree evapotranspiration output for the Europe region between 2007-01-01 and 2007-12-31,https://datapub.fz-juelich.de/slts/4DHydro/data_clm35_europe_3km_remap_EMO-pr-forcing//clm_emo_et_europe_0p0275deg_daily_20070101_20071231.nc,,NetCDF,,2007-01-01,2007-12-31,europe,WGS84,0.0275 degree,daily,2024-04-03,"[[[-10,33],[41,33],[41,72],[-10,72],[-10,33]]]",evapotranspiration,https://datapub.fz-juelich.de/slts/4DHydro/,land,,,,FZJ
13,4dHydro,https://datapub.fz-juelich.de/slts/4DHydro/data_clm35_europe_3km_remap_EMO-pr-forcing/,CLM 0.0275 degree evapotranspiration for Europe  (2008-01-01 - 2008-12-31),,clm_emo_et_europe_0p0275deg_daily_20080101_20081231,CLM 0.0275 degree evapotranspiration output for the Europe region between 2008-01-01 and 2008-12-31,https://datapub.fz-juelich.de/slts/4DHydro/data_clm35_europe_3km_remap_EMO-pr-forcing//clm_emo_et_europe_0p0275deg_daily_20080101_20081231.nc,,NetCDF,,2008-01-01,2008-12-31,europe,WGS84,0.0275 degree,daily,2024-04-03,"[[[-10,33],[41,33],[41,72],[-10,72],[-10,33]]]",evapotranspiration,https://datapub.fz-juelich.de/slts/4DHydro/,land,,,,FZJ
14,4dHydro,https://datapub.fz-juelich.de/slts/4DHydro/data_clm35_europe_3km_remap_EMO-pr-forcing/,CLM 0.0275 degree evapotranspiration for Europe  (2009-01-01 - 2009-12-31),,clm_emo_et_europe_0p0275deg_daily_20090101_20091231,CLM 0.0275 degree evapotranspiration output for the Europe region between 2009-01-01 and 2009-12-31,https://datapub.fz-juelich.de/slts/4DHydro/data_clm35_europe_3km_remap_EMO-pr-forcing//clm_emo_et_europe_0p0275deg_daily_20090101_20091231.nc,,NetCDF,,2009-01-01,2009-12-31,europe,WGS84,0.0275 degree,daily,2024-04-03,"[[[-10,33],[41,33],[41,72],[-10,72],[-10,33]]]",evapotranspiration,https://datapub.fz-juelich.de/slts/4DHydro/,land,,,,FZJ
15,4dHydro,https://datapub.fz-juelich.de/slts/4DHydro/data_clm35_europe_3km_remap_EMO-pr-forcing/,CLM 0.0275 degree evapotranspiration for Europe  (2010-01-01 - 2010-12-31),,clm_emo_et_europe_0p0275deg_daily_20100101_20101231,CLM 0.0275 degree evapotranspiration output for the Europe region between 2010-01-01 and 2010-12-31,https://datapub.fz-juelich.de/slts/4DHydro/data_clm35_europe_3km_remap_EMO-pr-forcing//clm_emo_et_europe_0p0275deg_daily_20100101_20101231.nc,,NetCDF,,2010-01-01,2010-12-31,europe,WGS84,0.0275 degree,daily,2024-04-03,"[[[-10,33],[41,33],[41,72],[-10,72],[-10,33]]]",evapotranspiration,https://datapub.fz-juelich.de/slts/4DHydro/,land,,,,FZJ
16,4dHydro,https://datapub.fz-juelich.de/slts/4DHydro/data_clm35_europe_3km_remap_EMO-pr-forcing/,CLM 0.0275 degree evapotranspiration for Europe  (2011-01-01 - 2011-12-31),,clm_emo_et_europe_0p0275deg_daily_20110101_20111231,CLM 0.0275 degree evapotranspiration output for the Europe region between 2011-01-01 and 2011-12-31,https://datapub.fz-juelich.de/slts/4DHydro/data_clm35_europe_3km_remap_EMO-pr-forcing//clm_emo_et_europe_0p0275deg_daily_20110101_20111231.nc,,NetCDF,,2011-01-01,2011-12-31,europe,WGS84,0.0275 degree,daily,2024-04-03,"[[[-10,33],[41,33],[41,72],[-10,72],[-10,33]]]",evapotranspiration,https://datapub.fz-juelich.de/slts/4DHydro/,land,,,,FZJ
17,4dHydro,https://datapub.fz-juelich.de/slts/4DHydro/data_clm35_europe_3km_remap_EMO-pr-forcing/,CLM 0.0275 degree evapotranspiration for Europe  (2012-01-01 - 2012-12-31),,clm_emo_et_europe_0p0275deg_daily_20120101_20121231,CLM 0.0275 degree evapotranspiration output for the Europe region between 2012-01-01 and 2012-12-31,https://datapub.fz-juelich.de/slts/4DHydro/data_clm35_europe_3km_remap_EMO-pr-forcing//clm_emo_et_europe_0p0275deg_daily_20120101_20121231.nc,,NetCDF,,2012-01-01,2012-12-31,europe,WGS84,0.0275 degree,daily,2024-04-03,"[[[-10,33],[41,33],[41,72],[-10,72],[-10,33]]]",evapotranspiration,https://datapub.fz-juelich.de/slts/4DHydro/,land,,,,FZJ
18,4dHydro,https://datapub.fz-juelich.de/slts/4DHydro/data_clm35_europe_3km_remap_EMO-pr-forcing/,CLM 0.0275 degree evapotranspiration for Europe  (2013-01-01 - 2013-12-31),,clm_emo_et_europe_0p0275deg_daily_20130101_20131231,CLM 0.0275 degree evapotranspiration output for the Europe region between 2013-01-01 and 2013-12-31,https://datapub.fz-juelich.de/slts/4DHydro/data_clm35_europe_3km_remap_EMO-pr-forcing//clm_emo_et_europe_0p0275deg_daily_20130101_20131231.nc,,NetCDF,,2013-01-01,2013-12-31,europe,WGS84,0.0275 degree,daily,2024-04-03,"[[[-10,33],[41,33],[41,72],[-10,72],[-10,33]]]",evapotranspiration,https://datapub.fz-juelich.de/slts/4DHydro/,land,,,,FZJ
19,4dHydro,https://datapub.fz-juelich.de/slts/4DHydro/data_clm35_europe_3km_remap_EMO-pr-forcing/,CLM 0.0275 degree evapotranspiration for Europe  (2014-01-01 - 2014-12-31),,clm_emo_et_europe_0p0275deg_daily_20140101_20141231,CLM 0.0275 degree evapotranspiration output for the Europe region between 2014-01-01 and 2014-12-31,https://datapub.fz-juelich.de/slts/4DHydro/data_clm35_europe_3km_remap_EMO-pr-forcing//clm_emo_et_europe_0p0275deg_daily_20140101_20141231.nc,,NetCDF,,2014-01-01,2014-12-31,europe,WGS84,0.0275 degree,daily,2024-04-03,"[[[-10,33],[41,33],[41,72],[-10,72],[-10,33]]]",evapotranspiration,https://datapub.fz-juelich.de/slts/4DHydro/,land,,,,FZJ
20,4dHydro,https://datapub.fz-juelich.de/slts/4DHydro/data_clm35_europe_3km_remap_EMO-pr-forcing/,CLM 0.0275 degree evapotranspiration for Europe  (2015-01-01 - 2015-12-31),,clm_emo_et_europe_0p0275deg_daily_20150101_20151231,CLM 0.0275 degree evapotranspiration output for the Europe region between 2015-01-01 and 2015-12-31,https://datapub.fz-juelich.de/slts/4DHydro/data_clm35_europe_3km_remap_EMO-pr-forcing//clm_emo_et_europe_0p0275deg_daily_20150101_20151231.nc,,NetCDF,,2015-01-01,2015-12-31,europe,WGS84,0.0275 degree,daily,2024-04-03,"[[[-10,33],[41,33],[41,72],[-10,72],[-10,33]]]",evapotranspiration,https://datapub.fz-juelich.de/slts/4DHydro/,land,,,,FZJ
21,4dHydro,https://datapub.fz-juelich.de/slts/4DHydro/data_clm35_europe_3km_remap_EMO-pr-forcing/,CLM 0.0275 degree evapotranspiration for Europe  (2016-01-01 - 2016-12-31),,clm_emo_et_europe_0p0275deg_daily_20160101_20161231,CLM 0.0275 degree evapotranspiration output for the Europe region between 2016-01-01 and 2016-12-31,https://datapub.fz-juelich.de/slts/4DHydro/data_clm35_europe_3km_remap_EMO-pr-forcing//clm_emo_et_europe_0p0275deg_daily_20160101_20161231.nc,,NetCDF,,2016-01-01,2016-12-31,europe,WGS84,0.0275 degree,daily,2024-04-03,"[[[-10,33],[41,33],[41,72],[-10,72],[-10,33]]]",evapotranspiration,https://datapub.fz-juelich.de/slts/4DHydro/,land,,,,FZJ
22,4dHydro,https://datapub.fz-juelich.de/slts/4DHydro/data_clm35_europe_3km_remap_EMO-pr-forcing/,CLM 0.0275 degree evapotranspiration for Europe  (2017-01-01 - 2017-12-31),,clm_emo_et_europe_0p0275deg_daily_20170101_20171231,CLM 0.0275 degree evapotranspiration output for the Europe region between 2017-01-01 and 2017-12-31,https://datapub.fz-juelich.de/slts/4DHydro/data_clm35_europe_3km_remap_EMO-pr-forcing//clm_emo_et_europe_0p0275deg_daily_20170101_20171231.nc,,NetCDF,,2017-01-01,2017-12-31,europe,WGS84,0.0275 degree,daily,2024-04-03,"[[[-10,33],[41,33],[41,72],[-10,72],[-10,33]]]",evapotranspiration,https://datapub.fz-juelich.de/slts/4DHydro/,land,,,,FZJ
23,4dHydro,https://datapub.fz-juelich.de/slts/4DHydro/data_clm35_europe_3km_remap_EMO-pr-forcing/,CLM 0.0275 degree evapotranspiration for Europe  (2018-01-01 - 2018-12-31),,clm_emo_et_europe_0p0275deg_daily_20180101_20181231,CLM 0.0275 degree evapotranspiration output for the Europe region between 2018-01-01 and 2018-12-31,https://datapub.fz-juelich.de/slts/4DHydro/data_clm35_europe_3km_remap_EMO-pr-forcing//clm_emo_et_europe_0p0275deg_daily_20180101_20181231.nc,,NetCDF,,2018-01-01,2018-12-31,europe,WGS84,0.0275 degree,daily,2024-04-03,"[[[-10,33],[41,33],[41,72],[-10,72],[-10,33]]]",evapotranspiration,https://datapub.fz-juelich.de/slts/4DHydro/,land,,,,FZJ
24,4dHydro,https://datapub.fz-juelich.de/slts/4DHydro/data_clm35_europe_3km_remap_EMO-pr-forcing/,CLM 0.0275 degree mask for Po River ,,clm_emo_mask_po_0p0275deg,CLM 0.0275 degree mask output for the Po River region,https://datapub.fz-juelich.de/slts/4DHydro/data_clm35_europe_3km_remap_EMO-pr-forcing//clm_emo_mask_po_0p0275deg.nc,,NetCDF,,,,po,WGS84,0.0275 degree,daily,2024-04-03,"[[[6,43],[12,43],[12,46],[6,46],[6,43]]]",mask,https://datapub.fz-juelich.de/slts/4DHydro/,land,,,,FZJ
25,4dHydro,https://datapub.fz-juelich.de/slts/4DHydro/data_clm35_europe_3km_remap_EMO-pr-forcing/,CLM 0.0275 degree mask for Rhine River ,,clm_emo_mask_rhine_0p0275deg,CLM 0.0275 degree mask output for the Rhine River region,https://datapub.fz-juelich.de/slts/4DHydro/data_clm35_europe_3km_remap_EMO-pr-forcing//clm_emo_mask_rhine_0p0275deg.nc,,NetCDF,,,,rhine,WGS84,0.0275 degree,daily,2024-04-03,"[[[3,46],[12,46],[12,52],[3,52],[3,46]]]",mask,https://datapub.fz-juelich.de/slts/4DHydro/,land,,,,FZJ
26,4dHydro,https://datapub.fz-juelich.de/slts/4DHydro/data_clm35_europe_3km_remap_EMO-pr-forcing/,CLM 0.0275 degree discharge for Europe  (1995-01-01 - 1995-12-31),,clm_emo_q_europe_0p0275deg_daily_19950101_19951231,CLM 0.0275 degree discharge output for the Europe region between 1995-01-01 and 1995-12-31,https://datapub.fz-juelich.de/slts/4DHydro/data_clm35_europe_3km_remap_EMO-pr-forcing//clm_emo_q_europe_0p0275deg_daily_19950101_19951231.nc,,NetCDF,,1995-01-01,1995-12-31,europe,WGS84,0.0275 degree,daily,2024-04-03,"[[[-10,33],[41,33],[41,72],[-10,72],[-10,33]]]",discharge,https://datapub.fz-juelich.de/slts/4DHydro/,land,,,,FZJ
27,4dHydro,https://datapub.fz-juelich.de/slts/4DHydro/data_clm35_europe_3km_remap_EMO-pr-forcing/,CLM 0.0275 degree discharge for Europe  (1996-01-01 - 1996-12-31),,clm_emo_q_europe_0p0275deg_daily_19960101_19961231,CLM 0.0275 degree discharge output for the Europe region between 1996-01-01 and 1996-12-31,https://datapub.fz-juelich.de/slts/4DHydro/data_clm35_europe_3km_remap_EMO-pr-forcing//clm_emo_q_europe_0p0275deg_daily_19960101_19961231.nc,,NetCDF,,1996-01-01,1996-12-31,europe,WGS84,0.0275 degree,daily,2024-04-03,"[[[-10,33],[41,33],[41,72],[-10,72],[-10,33]]]",discharge,https://datapub.fz-juelich.de/slts/4DHydro/,land,,,,FZJ
28,4dHydro,https://datapub.fz-juelich.de/slts/4DHydro/data_clm35_europe_3km_remap_EMO-pr-forcing/,CLM 0.0275 degree discharge for Europe  (1997-01-01 - 1997-12-31),,clm_emo_q_europe_0p0275deg_daily_19970101_19971231,CLM 0.0275 degree discharge output for the Europe region between 1997-01-01 and 1997-12-31,https://datapub.fz-juelich.de/slts/4DHydro/data_clm35_europe_3km_remap_EMO-pr-forcing//clm_emo_q_europe_0p0275deg_daily_19970101_19971231.nc,,NetCDF,,1997-01-01,1997-12-31,europe,WGS84,0.0275 degree,daily,2024-04-03,"[[[-10,33],[41,33],[41,72],[-10,72],[-10,33]]]",discharge,https://datapub.fz-juelich.de/slts/4DHydro/,land,,,,FZJ
29,4dHydro,https://datapub.fz-juelich.de/slts/4DHydro/data_clm35_europe_3km_remap_EMO-pr-forcing/,CLM 0.0275 degree discharge for Europe  (1998-01-01 - 1998-12-31),,clm_emo_q_europe_0p0275deg_daily_19980101_19981231,CLM 0.0275 degree discharge output for the Europe region between 1998-01-01 and 1998-12-31,https://datapub.fz-juelich.de/slts/4DHydro/data_clm35_europe_3km_remap_EMO-pr-forcing//clm_emo_q_europe_0p0275deg_daily_19980101_19981231.nc,,NetCDF,,1998-01-01,1998-12-31,europe,WGS84,0.0275 degree,daily,2024-04-03,"[[[-10,33],[41,33],[41,72],[-10,72],[-10,33]]]",discharge,https://datapub.fz-juelich.de/slts/4DHydro/,land,,,,FZJ
30,4dHydro,https://datapub.fz-juelich.de/slts/4DHydro/data_clm35_europe_3km_remap_EMO-pr-forcing/,CLM 0.0275 degree discharge for Europe  (1999-01-01 - 1999-12-31),,clm_emo_q_europe_0p0275deg_daily_19990101_19991231,CLM 0.0275 degree discharge output for the Europe region between 1999-01-01 and 1999-12-31,https://datapub.fz-juelich.de/slts/4DHydro/data_clm35_europe_3km_remap_EMO-pr-forcing//clm_emo_q_europe_0p0275deg_daily_19990101_19991231.nc,,NetCDF,,1999-01-01,1999-12-31,europe,WGS84,0.0275 degree,daily,2024-04-03,"[[[-10,33],[41,33],[41,72],[-10,72],[-10,33]]]",discharge,https://datapub.fz-juelich.de/slts/4DHydro/,land,,,,FZJ
31,4dHydro,https://datapub.fz-juelich.de/slts/4DHydro/data_clm35_europe_3km_remap_EMO-pr-forcing/,CLM 0.0275 degree discharge for Europe  (2000-01-01 - 2000-12-31),,clm_emo_q_europe_0p0275deg_daily_20000101_20001231,CLM 0.0275 degree discharge output for the Europe region between 2000-01-01 and 2000-12-31,https://datapub.fz-juelich.de/slts/4DHydro/data_clm35_europe_3km_remap_EMO-pr-forcing//clm_emo_q_europe_0p0275deg_daily_20000101_20001231.nc,,NetCDF,,2000-01-01,2000-12-31,europe,WGS84,0.0275 degree,daily,2024-04-03,"[[[-10,33],[41,33],[41,72],[-10,72],[-10,33]]]",discharge,https://datapub.fz-juelich.de/slts/4DHydro/,land,,,,FZJ
32,4dHydro,https://datapub.fz-juelich.de/slts/4DHydro/data_clm35_europe_3km_remap_EMO-pr-forcing/,CLM 0.0275 degree discharge for Europe  (2001-01-01 - 2001-12-31),,clm_emo_q_europe_0p0275deg_daily_20010101_20011231,CLM 0.0275 degree discharge output for the Europe region between 2001-01-01 and 2001-12-31,https://datapub.fz-juelich.de/slts/4DHydro/data_clm35_europe_3km_remap_EMO-pr-forcing//clm_emo_q_europe_0p0275deg_daily_20010101_20011231.nc,,NetCDF,,2001-01-01,2001-12-31,europe,WGS84,0.0275 degree,daily,2024-04-03,"[[[-10,33],[41,33],[41,72],[-10,72],[-10,33]]]",discharge,https://datapub.fz-juelich.de/slts/4DHydro/,land,,,,FZJ
33,4dHydro,https://datapub.fz-juelich.de/slts/4DHydro/data_clm35_europe_3km_remap_EMO-pr-forcing/,CLM 0.0275 degree discharge for Europe  (2002-01-01 - 2002-12-31),,clm_emo_q_europe_0p0275deg_daily_20020101_20021231,CLM 0.0275 degree discharge output for the Europe region between 2002-01-01 and 2002-12-31,https://datapub.fz-juelich.de/slts/4DHydro/data_clm35_europe_3km_remap_EMO-pr-forcing//clm_emo_q_europe_0p0275deg_daily_20020101_20021231.nc,,NetCDF,,2002-01-01,2002-12-31,europe,WGS84,0.0275 degree,daily,2024-04-03,"[[[-10,33],[41,33],[41,72],[-10,72],[-10,33]]]",discharge,https://datapub.fz-juelich.de/slts/4DHydro/,land,,,,FZJ
34,4dHydro,https://datapub.fz-juelich.de/slts/4DHydro/data_clm35_europe_3km_remap_EMO-pr-forcing/,CLM 0.0275 degree discharge for Europe  (2003-01-01 - 2003-12-31),,clm_emo_q_europe_0p0275deg_daily_20030101_20031231,CLM 0.0275 degree discharge output for the Europe region between 2003-01-01 and 2003-12-31,https://datapub.fz-juelich.de/slts/4DHydro/data_clm35_europe_3km_remap_EMO-pr-forcing//clm_emo_q_europe_0p0275deg_daily_20030101_20031231.nc,,NetCDF,,2003-01-01,2003-12-31,europe,WGS84,0.0275 degree,daily,2024-04-03,"[[[-10,33],[41,33],[41,72],[-10,72],[-10,33]]]",discharge,https://datapub.fz-juelich.de/slts/4DHydro/,land,,,,FZJ
35,4dHydro,https://datapub.fz-juelich.de/slts/4DHydro/data_clm35_europe_3km_remap_EMO-pr-forcing/,CLM 0.0275 degree discharge for Europe  (2004-01-01 - 2004-12-31),,clm_emo_q_europe_0p0275deg_daily_20040101_20041231,CLM 0.0275 degree discharge output for the Europe region between 2004-01-01 and 2004-12-31,https://datapub.fz-juelich.de/slts/4DHydro/data_clm35_europe_3km_remap_EMO-pr-forcing//clm_emo_q_europe_0p0275deg_daily_20040101_20041231.nc,,NetCDF,,2004-01-01,2004-12-31,europe,WGS84,0.0275 degree,daily,2024-04-03,"[[[-10,33],[41,33],[41,72],[-10,72],[-10,33]]]",discharge,https://datapub.fz-juelich.de/slts/4DHydro/,land,,,,FZJ
36,4dHydro,https://datapub.fz-juelich.de/slts/4DHydro/data_clm35_europe_3km_remap_EMO-pr-forcing/,CLM 0.0275 degree discharge for Europe  (2005-01-01 - 2005-12-31),,clm_emo_q_europe_0p0275deg_daily_20050101_20051231,CLM 0.0275 degree discharge output for the Europe region between 2005-01-01 and 2005-12-31,https://datapub.fz-juelich.de/slts/4DHydro/data_clm35_europe_3km_remap_EMO-pr-forcing//clm_emo_q_europe_0p0275deg_daily_20050101_20051231.nc,,NetCDF,,2005-01-01,2005-12-31,europe,WGS84,0.0275 degree,daily,2024-04-03,"[[[-10,33],[41,33],[41,72],[-10,72],[-10,33]]]",discharge,https://datapub.fz-juelich.de/slts/4DHydro/,land,,,,FZJ
37,4dHydro,https://datapub.fz-juelich.de/slts/4DHydro/data_clm35_europe_3km_remap_EMO-pr-forcing/,CLM 0.0275 degree discharge for Europe  (2006-01-01 - 2006-12-31),,clm_emo_q_europe_0p0275deg_daily_20060101_20061231,CLM 0.0275 degree discharge output for the Europe region between 2006-01-01 and 2006-12-31,https://datapub.fz-juelich.de/slts/4DHydro/data_clm35_europe_3km_remap_EMO-pr-forcing//clm_emo_q_europe_0p0275deg_daily_20060101_20061231.nc,,NetCDF,,2006-01-01,2006-12-31,europe,WGS84,0.0275 degree,daily,2024-04-03,"[[[-10,33],[41,33],[41,72],[-10,72],[-10,33]]]",discharge,https://datapub.fz-juelich.de/slts/4DHydro/,land,,,,FZJ
38,4dHydro,https://datapub.fz-juelich.de/slts/4DHydro/data_clm35_europe_3km_remap_EMO-pr-forcing/,CLM 0.0275 degree discharge for Europe  (2007-01-01 - 2007-12-31),,clm_emo_q_europe_0p0275deg_daily_20070101_20071231,CLM 0.0275 degree discharge output for the Europe region between 2007-01-01 and 2007-12-31,https://datapub.fz-juelich.de/slts/4DHydro/data_clm35_europe_3km_remap_EMO-pr-forcing//clm_emo_q_europe_0p0275deg_daily_20070101_20071231.nc,,NetCDF,,2007-01-01,2007-12-31,europe,WGS84,0.0275 degree,daily,2024-04-03,"[[[-10,33],[41,33],[41,72],[-10,72],[-10,33]]]",discharge,https://datapub.fz-juelich.de/slts/4DHydro/,land,,,,FZJ
39,4dHydro,https://datapub.fz-juelich.de/slts/4DHydro/data_clm35_europe_3km_remap_EMO-pr-forcing/,CLM 0.0275 degree discharge for Europe  (2008-01-01 - 2008-12-31),,clm_emo_q_europe_0p0275deg_daily_20080101_20081231,CLM 0.0275 degree discharge output for the Europe region between 2008-01-01 and 2008-12-31,https://datapub.fz-juelich.de/slts/4DHydro/data_clm35_europe_3km_remap_EMO-pr-forcing//clm_emo_q_europe_0p0275deg_daily_20080101_20081231.nc,,NetCDF,,2008-01-01,2008-12-31,europe,WGS84,0.0275 degree,daily,2024-04-03,"[[[-10,33],[41,33],[41,72],[-10,72],[-10,33]]]",discharge,https://datapub.fz-juelich.de/slts/4DHydro/,land,,,,FZJ
40,4dHydro,https://datapub.fz-juelich.de/slts/4DHydro/data_clm35_europe_3km_remap_EMO-pr-forcing/,CLM 0.0275 degree discharge for Europe  (2009-01-01 - 2009-12-31),,clm_emo_q_europe_0p0275deg_daily_20090101_20091231,CLM 0.0275 degree discharge output for the Europe region between 2009-01-01 and 2009-12-31,https://datapub.fz-juelich.de/slts/4DHydro/data_clm35_europe_3km_remap_EMO-pr-forcing//clm_emo_q_europe_0p0275deg_daily_20090101_20091231.nc,,NetCDF,,2009-01-01,2009-12-31,europe,WGS84,0.0275 degree,daily,2024-04-03,"[[[-10,33],[41,33],[41,72],[-10,72],[-10,33]]]",discharge,https://datapub.fz-juelich.de/slts/4DHydro/,land,,,,FZJ
41,4dHydro,https://datapub.fz-juelich.de/slts/4DHydro/data_clm35_europe_3km_remap_EMO-pr-forcing/,CLM 0.0275 degree discharge for Europe  (2010-01-01 - 2010-12-31),,clm_emo_q_europe_0p0275deg_daily_20100101_20101231,CLM 0.0275 degree discharge output for the Europe region between 2010-01-01 and 2010-12-31,https://datapub.fz-juelich.de/slts/4DHydro/data_clm35_europe_3km_remap_EMO-pr-forcing//clm_emo_q_europe_0p0275deg_daily_20100101_20101231.nc,,NetCDF,,2010-01-01,2010-12-31,europe,WGS84,0.0275 degree,daily,2024-04-03,"[[[-10,33],[41,33],[41,72],[-10,72],[-10,33]]]",discharge,https://datapub.fz-juelich.de/slts/4DHydro/,land,,,,FZJ
42,4dHydro,https://datapub.fz-juelich.de/slts/4DHydro/data_clm35_europe_3km_remap_EMO-pr-forcing/,CLM 0.0275 degree discharge for Europe  (2011-01-01 - 2011-12-31),,clm_emo_q_europe_0p0275deg_daily_20110101_20111231,CLM 0.0275 degree discharge output for the Europe region between 2011-01-01 and 2011-12-31,https://datapub.fz-juelich.de/slts/4DHydro/data_clm35_europe_3km_remap_EMO-pr-forcing//clm_emo_q_europe_0p0275deg_daily_20110101_20111231.nc,,NetCDF,,2011-01-01,2011-12-31,europe,WGS84,0.0275 degree,daily,2024-04-03,"[[[-10,33],[41,33],[41,72],[-10,72],[-10,33]]]",discharge,https://datapub.fz-juelich.de/slts/4DHydro/,land,,,,FZJ
43,4dHydro,https://datapub.fz-juelich.de/slts/4DHydro/data_clm35_europe_3km_remap_EMO-pr-forcing/,CLM 0.0275 degree discharge for Europe  (2012-01-01 - 2012-12-31),,clm_emo_q_europe_0p0275deg_daily_20120101_20121231,CLM 0.0275 degree discharge output for the Europe region between 2012-01-01 and 2012-12-31,https://datapub.fz-juelich.de/slts/4DHydro/data_clm35_europe_3km_remap_EMO-pr-forcing//clm_emo_q_europe_0p0275deg_daily_20120101_20121231.nc,,NetCDF,,2012-01-01,2012-12-31,europe,WGS84,0.0275 degree,daily,2024-04-03,"[[[-10,33],[41,33],[41,72],[-10,72],[-10,33]]]",discharge,https://datapub.fz-juelich.de/slts/4DHydro/,land,,,,FZJ
44,4dHydro,https://datapub.fz-juelich.de/slts/4DHydro/data_clm35_europe_3km_remap_EMO-pr-forcing/,CLM 0.0275 degree discharge for Europe  (2013-01-01 - 2013-12-31),,clm_emo_q_europe_0p0275deg_daily_20130101_20131231,CLM 0.0275 degree discharge output for the Europe region between 2013-01-01 and 2013-12-31,https://datapub.fz-juelich.de/slts/4DHydro/data_clm35_europe_3km_remap_EMO-pr-forcing//clm_emo_q_europe_0p0275deg_daily_20130101_20131231.nc,,NetCDF,,2013-01-01,2013-12-31,europe,WGS84,0.0275 degree,daily,2024-04-03,"[[[-10,33],[41,33],[41,72],[-10,72],[-10,33]]]",discharge,https://datapub.fz-juelich.de/slts/4DHydro/,land,,,,FZJ
45,4dHydro,https://datapub.fz-juelich.de/slts/4DHydro/data_clm35_europe_3km_remap_EMO-pr-forcing/,CLM 0.0275 degree discharge for Europe  (2014-01-01 - 2014-12-31),,clm_emo_q_europe_0p0275deg_daily_20140101_20141231,CLM 0.0275 degree discharge output for the Europe region between 2014-01-01 and 2014-12-31,https://datapub.fz-juelich.de/slts/4DHydro/data_clm35_europe_3km_remap_EMO-pr-forcing//clm_emo_q_europe_0p0275deg_daily_20140101_20141231.nc,,NetCDF,,2014-01-01,2014-12-31,europe,WGS84,0.0275 degree,daily,2024-04-03,"[[[-10,33],[41,33],[41,72],[-10,72],[-10,33]]]",discharge,https://datapub.fz-juelich.de/slts/4DHydro/,land,,,,FZJ
46,4dHydro,https://datapub.fz-juelich.de/slts/4DHydro/data_clm35_europe_3km_remap_EMO-pr-forcing/,CLM 0.0275 degree discharge for Europe  (2015-01-01 - 2015-12-31),,clm_emo_q_europe_0p0275deg_daily_20150101_20151231,CLM 0.0275 degree discharge output for the Europe region between 2015-01-01 and 2015-12-31,https://datapub.fz-juelich.de/slts/4DHydro/data_clm35_europe_3km_remap_EMO-pr-forcing//clm_emo_q_europe_0p0275deg_daily_20150101_20151231.nc,,NetCDF,,2015-01-01,2015-12-31,europe,WGS84,0.0275 degree,daily,2024-04-03,"[[[-10,33],[41,33],[41,72],[-10,72],[-10,33]]]",discharge,https://datapub.fz-juelich.de/slts/4DHydro/,land,,,,FZJ
47,4dHydro,https://datapub.fz-juelich.de/slts/4DHydro/data_clm35_europe_3km_remap_EMO-pr-forcing/,CLM 0.0275 degree discharge for Europe  (2016-01-01 - 2016-12-31),,clm_emo_q_europe_0p0275deg_daily_20160101_20161231,CLM 0.0275 degree discharge output for the Europe region between 2016-01-01 and 2016-12-31,https://datapub.fz-juelich.de/slts/4DHydro/data_clm35_europe_3km_remap_EMO-pr-forcing//clm_emo_q_europe_0p0275deg_daily_20160101_20161231.nc,,NetCDF,,2016-01-01,2016-12-31,europe,WGS84,0.0275 degree,daily,2024-04-03,"[[[-10,33],[41,33],[41,72],[-10,72],[-10,33]]]",discharge,https://datapub.fz-juelich.de/slts/4DHydro/,land,,,,FZJ
48,4dHydro,https://datapub.fz-juelich.de/slts/4DHydro/data_clm35_europe_3km_remap_EMO-pr-forcing/,CLM 0.0275 degree discharge for Europe  (2017-01-01 - 2017-12-31),,clm_emo_q_europe_0p0275deg_daily_20170101_20171231,CLM 0.0275 degree discharge output for the Europe region between 2017-01-01 and 2017-12-31,https://datapub.fz-juelich.de/slts/4DHydro/data_clm35_europe_3km_remap_EMO-pr-forcing//clm_emo_q_europe_0p0275deg_daily_20170101_20171231.nc,,NetCDF,,2017-01-01,2017-12-31,europe,WGS84,0.0275 degree,daily,2024-04-03,"[[[-10,33],[41,33],[41,72],[-10,72],[-10,33]]]",discharge,https://datapub.fz-juelich.de/slts/4DHydro/,land,,,,FZJ
49,4dHydro,https://datapub.fz-juelich.de/slts/4DHydro/data_clm35_europe_3km_remap_EMO-pr-forcing/,CLM 0.0275 degree discharge for Europe  (2018-01-01 - 2018-12-31),,clm_emo_q_europe_0p0275deg_daily_20180101_20181231,CLM 0.0275 degree discharge output for the Europe region between 2018-01-01 and 2018-12-31,https://datapub.fz-juelich.de/slts/4DHydro/data_clm35_europe_3km_remap_EMO-pr-forcing//clm_emo_q_europe_0p0275deg_daily_20180101_20181231.nc,,NetCDF,,2018-01-01,2018-12-31,europe,WGS84,0.0275 degree,daily,2024-04-03,"[[[-10,33],[41,33],[41,72],[-10,72],[-10,33]]]",discharge,https://datapub.fz-juelich.de/slts/4DHydro/,land,,,,FZJ
50,4dHydro,https://datapub.fz-juelich.de/slts/4DHydro/data_clm35_europe_3km_remap_EMO-pr-forcing/,CLM 0.0275 degree soil moisture for Europe  (1995-01-01 - 1995-12-31),,clm_emo_sm_europe_0p0275deg_daily_19950101_19951231,CLM 0.0275 degree soil moisture output for the Europe region between 1995-01-01 and 1995-12-31,https://datapub.fz-juelich.de/slts/4DHydro/data_clm35_europe_3km_remap_EMO-pr-forcing//clm_emo_sm_europe_0p0275deg_daily_19950101_19951231.nc,,NetCDF,,1995-01-01,1995-12-31,europe,WGS84,0.0275 degree,daily,2024-04-03,"[[[-10,33],[41,33],[41,72],[-10,72],[-10,33]]]",soil moisture,https://datapub.fz-juelich.de/slts/4DHydro/,land,,,,FZJ
51,4dHydro,https://datapub.fz-juelich.de/slts/4DHydro/data_clm35_europe_3km_remap_EMO-pr-forcing/,CLM 0.0275 degree soil moisture for Europe  (1996-01-01 - 1996-12-30),,clm_emo_sm_europe_0p0275deg_daily_19960101_19961230,CLM 0.0275 degree soil moisture output for the Europe region between 1996-01-01 and 1996-12-30,https://datapub.fz-juelich.de/slts/4DHydro/data_clm35_europe_3km_remap_EMO-pr-forcing//clm_emo_sm_europe_0p0275deg_daily_19960101_19961230.nc,,NetCDF,,1996-01-01,1996-12-30,europe,WGS84,0.0275 degree,daily,2024-04-03,"[[[-10,33],[41,33],[41,72],[-10,72],[-10,33]]]",soil moisture,https://datapub.fz-juelich.de/slts/4DHydro/,land,,,,FZJ
52,4dHydro,https://datapub.fz-juelich.de/slts/4DHydro/data_clm35_europe_3km_remap_EMO-pr-forcing/,CLM 0.0275 degree soil moisture for Europe  (1997-01-01 - 1997-12-31),,clm_emo_sm_europe_0p0275deg_daily_19970101_19971231,CLM 0.0275 degree soil moisture output for the Europe region between 1997-01-01 and 1997-12-31,https://datapub.fz-juelich.de/slts/4DHydro/data_clm35_europe_3km_remap_EMO-pr-forcing//clm_emo_sm_europe_0p0275deg_daily_19970101_19971231.nc,,NetCDF,,1997-01-01,1997-12-31,europe,WGS84,0.0275 degree,daily,2024-04-03,"[[[-10,33],[41,33],[41,72],[-10,72],[-10,33]]]",soil moisture,https://datapub.fz-juelich.de/slts/4DHydro/,land,,,,FZJ
53,4dHydro,https://datapub.fz-juelich.de/slts/4DHydro/data_clm35_europe_3km_remap_EMO-pr-forcing/,CLM 0.0275 degree soil moisture for Europe  (1998-01-01 - 1998-12-31),,clm_emo_sm_europe_0p0275deg_daily_19980101_19981231,CLM 0.0275 degree soil moisture output for the Europe region between 1998-01-01 and 1998-12-31,https://datapub.fz-juelich.de/slts/4DHydro/data_clm35_europe_3km_remap_EMO-pr-forcing//clm_emo_sm_europe_0p0275deg_daily_19980101_19981231.nc,,NetCDF,,1998-01-01,1998-12-31,europe,WGS84,0.0275 degree,daily,2024-04-03,"[[[-10,33],[41,33],[41,72],[-10,72],[-10,33]]]",soil moisture,https://datapub.fz-juelich.de/slts/4DHydro/,land,,,,FZJ
54,4dHydro,https://datapub.fz-juelich.de/slts/4DHydro/data_clm35_europe_3km_remap_EMO-pr-forcing/,CLM 0.0275 degree soil moisture for Europe  (1999-01-01 - 1999-12-31),,clm_emo_sm_europe_0p0275deg_daily_19990101_19991231,CLM 0.0275 degree soil moisture output for the Europe region between 1999-01-01 and 1999-12-31,https://datapub.fz-juelich.de/slts/4DHydro/data_clm35_europe_3km_remap_EMO-pr-forcing//clm_emo_sm_europe_0p0275deg_daily_19990101_19991231.nc,,NetCDF,,1999-01-01,1999-12-31,europe,WGS84,0.0275 degree,daily,2024-04-03,"[[[-10,33],[41,33],[41,72],[-10,72],[-10,33]]]",soil moisture,https://datapub.fz-juelich.de/slts/4DHydro/,land,,,,FZJ
55,4dHydro,https://datapub.fz-juelich.de/slts/4DHydro/data_clm35_europe_3km_remap_EMO-pr-forcing/,CLM 0.0275 degree soil moisture for Europe  (2000-01-01 - 2000-12-30),,clm_emo_sm_europe_0p0275deg_daily_20000101_20001230,CLM 0.0275 degree soil moisture output for the Europe region between 2000-01-01 and 2000-12-30,https://datapub.fz-juelich.de/slts/4DHydro/data_clm35_europe_3km_remap_EMO-pr-forcing//clm_emo_sm_europe_0p0275deg_daily_20000101_20001230.nc,,NetCDF,,2000-01-01,2000-12-30,europe,WGS84,0.0275 degree,daily,2024-04-03,"[[[-10,33],[41,33],[41,72],[-10,72],[-10,33]]]",soil moisture,https://datapub.fz-juelich.de/slts/4DHydro/,land,,,,FZJ
56,4dHydro,https://datapub.fz-juelich.de/slts/4DHydro/data_clm35_europe_3km_remap_EMO-pr-forcing/,CLM 0.0275 degree soil moisture for Europe  (2001-01-01 - 2001-12-31),,clm_emo_sm_europe_0p0275deg_daily_20010101_20011231,CLM 0.0275 degree soil moisture output for the Europe region between 2001-01-01 and 2001-12-31,https://datapub.fz-juelich.de/slts/4DHydro/data_clm35_europe_3km_remap_EMO-pr-forcing//clm_emo_sm_europe_0p0275deg_daily_20010101_20011231.nc,,NetCDF,,2001-01-01,2001-12-31,europe,WGS84,0.0275 degree,daily,2024-04-03,"[[[-10,33],[41,33],[41,72],[-10,72],[-10,33]]]",soil moisture,https://datapub.fz-juelich.de/slts/4DHydro/,land,,,,FZJ
57,4dHydro,https://datapub.fz-juelich.de/slts/4DHydro/data_clm35_europe_3km_remap_EMO-pr-forcing/,CLM 0.0275 degree soil moisture for Europe  (2002-01-01 - 2002-12-31),,clm_emo_sm_europe_0p0275deg_daily_20020101_20021231,CLM 0.0275 degree soil moisture output for the Europe region between 2002-01-01 and 2002-12-31,https://datapub.fz-juelich.de/slts/4DHydro/data_clm35_europe_3km_remap_EMO-pr-forcing//clm_emo_sm_europe_0p0275deg_daily_20020101_20021231.nc,,NetCDF,,2002-01-01,2002-12-31,europe,WGS84,0.0275 degree,daily,2024-04-03,"[[[-10,33],[41,33],[41,72],[-10,72],[-10,33]]]",soil moisture,https://datapub.fz-juelich.de/slts/4DHydro/,land,,,,FZJ
58,4dHydro,https://datapub.fz-juelich.de/slts/4DHydro/data_clm35_europe_3km_remap_EMO-pr-forcing/,CLM 0.0275 degree soil moisture for Europe  (2003-01-01 - 2003-12-31),,clm_emo_sm_europe_0p0275deg_daily_20030101_20031231,CLM 0.0275 degree soil moisture output for the Europe region between 2003-01-01 and 2003-12-31,https://datapub.fz-juelich.de/slts/4DHydro/data_clm35_europe_3km_remap_EMO-pr-forcing//clm_emo_sm_europe_0p0275deg_daily_20030101_20031231.nc,,NetCDF,,2003-01-01,2003-12-31,europe,WGS84,0.0275 degree,daily,2024-04-03,"[[[-10,33],[41,33],[41,72],[-10,72],[-10,33]]]",soil moisture,https://datapub.fz-juelich.de/slts/4DHydro/,land,,,,FZJ
59,4dHydro,https://datapub.fz-juelich.de/slts/4DHydro/data_clm35_europe_3km_remap_EMO-pr-forcing/,CLM 0.0275 degree soil moisture for Europe  (2004-01-01 - 2004-12-30),,clm_emo_sm_europe_0p0275deg_daily_20040101_20041230,CLM 0.0275 degree soil moisture output for the Europe region between 2004-01-01 and 2004-12-30,https://datapub.fz-juelich.de/slts/4DHydro/data_clm35_europe_3km_remap_EMO-pr-forcing//clm_emo_sm_europe_0p0275deg_daily_20040101_20041230.nc,,NetCDF,,2004-01-01,2004-12-30,europe,WGS84,0.0275 degree,daily,2024-04-03,"[[[-10,33],[41,33],[41,72],[-10,72],[-10,33]]]",soil moisture,https://datapub.fz-juelich.de/slts/4DHydro/,land,,,,FZJ
60,4dHydro,https://datapub.fz-juelich.de/slts/4DHydro/data_clm35_europe_3km_remap_EMO-pr-forcing/,CLM 0.0275 degree soil moisture for Europe  (2005-01-01 - 2005-12-31),,clm_emo_sm_europe_0p0275deg_daily_20050101_20051231,CLM 0.0275 degree soil moisture output for the Europe region between 2005-01-01 and 2005-12-31,https://datapub.fz-juelich.de/slts/4DHydro/data_clm35_europe_3km_remap_EMO-pr-forcing//clm_emo_sm_europe_0p0275deg_daily_20050101_20051231.nc,,NetCDF,,2005-01-01,2005-12-31,europe,WGS84,0.0275 degree,daily,2024-04-03,"[[[-10,33],[41,33],[41,72],[-10,72],[-10,33]]]",soil moisture,https://datapub.fz-juelich.de/slts/4DHydro/,land,,,,FZJ
61,4dHydro,https://datapub.fz-juelich.de/slts/4DHydro/data_clm35_europe_3km_remap_EMO-pr-forcing/,CLM 0.0275 degree soil moisture for Europe  (2006-01-01 - 2006-12-31),,clm_emo_sm_europe_0p0275deg_daily_20060101_20061231,CLM 0.0275 degree soil moisture output for the Europe region between 2006-01-01 and 2006-12-31,https://datapub.fz-juelich.de/slts/4DHydro/data_clm35_europe_3km_remap_EMO-pr-forcing//clm_emo_sm_europe_0p0275deg_daily_20060101_20061231.nc,,NetCDF,,2006-01-01,2006-12-31,europe,WGS84,0.0275 degree,daily,2024-04-03,"[[[-10,33],[41,33],[41,72],[-10,72],[-10,33]]]",soil moisture,https://datapub.fz-juelich.de/slts/4DHydro/,land,,,,FZJ
62,4dHydro,https://datapub.fz-juelich.de/slts/4DHydro/data_clm35_europe_3km_remap_EMO-pr-forcing/,CLM 0.0275 degree soil moisture for Europe  (2007-01-01 - 2007-12-31),,clm_emo_sm_europe_0p0275deg_daily_20070101_20071231,CLM 0.0275 degree soil moisture output for the Europe region between 2007-01-01 and 2007-12-31,https://datapub.fz-juelich.de/slts/4DHydro/data_clm35_europe_3km_remap_EMO-pr-forcing//clm_emo_sm_europe_0p0275deg_daily_20070101_20071231.nc,,NetCDF,,2007-01-01,2007-12-31,europe,WGS84,0.0275 degree,daily,2024-04-03,"[[[-10,33],[41,33],[41,72],[-10,72],[-10,33]]]",soil moisture,https://datapub.fz-juelich.de/slts/4DHydro/,land,,,,FZJ
63,4dHydro,https://datapub.fz-juelich.de/slts/4DHydro/data_clm35_europe_3km_remap_EMO-pr-forcing/,CLM 0.0275 degree soil moisture for Europe  (2008-01-01 - 2008-12-30),,clm_emo_sm_europe_0p0275deg_daily_20080101_20081230,CLM 0.0275 degree soil moisture output for the Europe region between 2008-01-01 and 2008-12-30,https://datapub.fz-juelich.de/slts/4DHydro/data_clm35_europe_3km_remap_EMO-pr-forcing//clm_emo_sm_europe_0p0275deg_daily_20080101_20081230.nc,,NetCDF,,2008-01-01,2008-12-30,europe,WGS84,0.0275 degree,daily,2024-04-03,"[[[-10,33],[41,33],[41,72],[-10,72],[-10,33]]]",soil moisture,https://datapub.fz-juelich.de/slts/4DHydro/,land,,,,FZJ
64,4dHydro,https://datapub.fz-juelich.de/slts/4DHydro/data_clm35_europe_3km_remap_EMO-pr-forcing/,CLM 0.0275 degree soil moisture for Europe  (2009-01-01 - 2009-12-31),,clm_emo_sm_europe_0p0275deg_daily_20090101_20091231,CLM 0.0275 degree soil moisture output for the Europe region between 2009-01-01 and 2009-12-31,https://datapub.fz-juelich.de/slts/4DHydro/data_clm35_europe_3km_remap_EMO-pr-forcing//clm_emo_sm_europe_0p0275deg_daily_20090101_20091231.nc,,NetCDF,,2009-01-01,2009-12-31,europe,WGS84,0.0275 degree,daily,2024-04-03,"[[[-10,33],[41,33],[41,72],[-10,72],[-10,33]]]",soil moisture,https://datapub.fz-juelich.de/slts/4DHydro/,land,,,,FZJ
65,4dHydro,https://datapub.fz-juelich.de/slts/4DHydro/data_clm35_europe_3km_remap_EMO-pr-forcing/,CLM 0.0275 degree soil moisture for Europe  (2010-01-01 - 2010-12-31),,clm_emo_sm_europe_0p0275deg_daily_20100101_20101231,CLM 0.0275 degree soil moisture output for the Europe region between 2010-01-01 and 2010-12-31,https://datapub.fz-juelich.de/slts/4DHydro/data_clm35_europe_3km_remap_EMO-pr-forcing//clm_emo_sm_europe_0p0275deg_daily_20100101_20101231.nc,,NetCDF,,2010-01-01,2010-12-31,europe,WGS84,0.0275 degree,daily,2024-04-03,"[[[-10,33],[41,33],[41,72],[-10,72],[-10,33]]]",soil moisture,https://datapub.fz-juelich.de/slts/4DHydro/,land,,,,FZJ
66,4dHydro,https://datapub.fz-juelich.de/slts/4DHydro/data_clm35_europe_3km_remap_EMO-pr-forcing/,CLM 0.0275 degree soil moisture for Europe  (2011-01-01 - 2011-12-31),,clm_emo_sm_europe_0p0275deg_daily_20110101_20111231,CLM 0.0275 degree soil moisture output for the Europe region between 2011-01-01 and 2011-12-31,https://datapub.fz-juelich.de/slts/4DHydro/data_clm35_europe_3km_remap_EMO-pr-forcing//clm_emo_sm_europe_0p0275deg_daily_20110101_20111231.nc,,NetCDF,,2011-01-01,2011-12-31,europe,WGS84,0.0275 degree,daily,2024-04-03,"[[[-10,33],[41,33],[41,72],[-10,72],[-10,33]]]",soil moisture,https://datapub.fz-juelich.de/slts/4DHydro/,land,,,,FZJ
67,4dHydro,https://datapub.fz-juelich.de/slts/4DHydro/data_clm35_europe_3km_remap_EMO-pr-forcing/,CLM 0.0275 degree soil moisture for Europe  (2012-01-01 - 2012-12-30),,clm_emo_sm_europe_0p0275deg_daily_20120101_20121230,CLM 0.0275 degree soil moisture output for the Europe region between 2012-01-01 and 2012-12-30,https://datapub.fz-juelich.de/slts/4DHydro/data_clm35_europe_3km_remap_EMO-pr-forcing//clm_emo_sm_europe_0p0275deg_daily_20120101_20121230.nc,,NetCDF,,2012-01-01,2012-12-30,europe,WGS84,0.0275 degree,daily,2024-04-03,"[[[-10,33],[41,33],[41,72],[-10,72],[-10,33]]]",soil moisture,https://datapub.fz-juelich.de/slts/4DHydro/,land,,,,FZJ
68,4dHydro,https://datapub.fz-juelich.de/slts/4DHydro/data_clm35_europe_3km_remap_EMO-pr-forcing/,CLM 0.0275 degree soil moisture for Europe  (2013-01-01 - 2013-12-31),,clm_emo_sm_europe_0p0275deg_daily_20130101_20131231,CLM 0.0275 degree soil moisture output for the Europe region between 2013-01-01 and 2013-12-31,https://datapub.fz-juelich.de/slts/4DHydro/data_clm35_europe_3km_remap_EMO-pr-forcing//clm_emo_sm_europe_0p0275deg_daily_20130101_20131231.nc,,NetCDF,,2013-01-01,2013-12-31,europe,WGS84,0.0275 degree,daily,2024-04-03,"[[[-10,33],[41,33],[41,72],[-10,72],[-10,33]]]",soil moisture,https://datapub.fz-juelich.de/slts/4DHydro/,land,,,,FZJ
69,4dHydro,https://datapub.fz-juelich.de/slts/4DHydro/data_clm35_europe_3km_remap_EMO-pr-forcing/,CLM 0.0275 degree soil moisture for Europe  (2014-01-01 - 2014-12-31),,clm_emo_sm_europe_0p0275deg_daily_20140101_20141231,CLM 0.0275 degree soil moisture output for the Europe region between 2014-01-01 and 2014-12-31,https://datapub.fz-juelich.de/slts/4DHydro/data_clm35_europe_3km_remap_EMO-pr-forcing//clm_emo_sm_europe_0p0275deg_daily_20140101_20141231.nc,,NetCDF,,2014-01-01,2014-12-31,europe,WGS84,0.0275 degree,daily,2024-04-03,"[[[-10,33],[41,33],[41,72],[-10,72],[-10,33]]]",soil moisture,https://datapub.fz-juelich.de/slts/4DHydro/,land,,,,FZJ
70,4dHydro,https://datapub.fz-juelich.de/slts/4DHydro/data_clm35_europe_3km_remap_EMO-pr-forcing/,CLM 0.0275 degree soil moisture for Europe  (2015-01-01 - 2015-12-31),,clm_emo_sm_europe_0p0275deg_daily_20150101_20151231,CLM 0.0275 degree soil moisture output for the Europe region between 2015-01-01 and 2015-12-31,https://datapub.fz-juelich.de/slts/4DHydro/data_clm35_europe_3km_remap_EMO-pr-forcing//clm_emo_sm_europe_0p0275deg_daily_20150101_20151231.nc,,NetCDF,,2015-01-01,2015-12-31,europe,WGS84,0.0275 degree,daily,2024-04-03,"[[[-10,33],[41,33],[41,72],[-10,72],[-10,33]]]",soil moisture,https://datapub.fz-juelich.de/slts/4DHydro/,land,,,,FZJ
71,4dHydro,https://datapub.fz-juelich.de/slts/4DHydro/data_clm35_europe_3km_remap_EMO-pr-forcing/,CLM 0.0275 degree soil moisture for Europe  (2016-01-01 - 2016-12-30),,clm_emo_sm_europe_0p0275deg_daily_20160101_20161230,CLM 0.0275 degree soil moisture output for the Europe region between 2016-01-01 and 2016-12-30,https://datapub.fz-juelich.de/slts/4DHydro/data_clm35_europe_3km_remap_EMO-pr-forcing//clm_emo_sm_europe_0p0275deg_daily_20160101_20161230.nc,,NetCDF,,2016-01-01,2016-12-30,europe,WGS84,0.0275 degree,daily,2024-04-03,"[[[-10,33],[41,33],[41,72],[-10,72],[-10,33]]]",soil moisture,https://datapub.fz-juelich.de/slts/4DHydro/,land,,,,FZJ
72,4dHydro,https://datapub.fz-juelich.de/slts/4DHydro/data_clm35_europe_3km_remap_EMO-pr-forcing/,CLM 0.0275 degree soil moisture for Europe  (2017-01-01 - 2017-12-31),,clm_emo_sm_europe_0p0275deg_daily_20170101_20171231,CLM 0.0275 degree soil moisture output for the Europe region between 2017-01-01 and 2017-12-31,https://datapub.fz-juelich.de/slts/4DHydro/data_clm35_europe_3km_remap_EMO-pr-forcing//clm_emo_sm_europe_0p0275deg_daily_20170101_20171231.nc,,NetCDF,,2017-01-01,2017-12-31,europe,WGS84,0.0275 degree,daily,2024-04-03,"[[[-10,33],[41,33],[41,72],[-10,72],[-10,33]]]",soil moisture,https://datapub.fz-juelich.de/slts/4DHydro/,land,,,,FZJ
73,4dHydro,https://datapub.fz-juelich.de/slts/4DHydro/data_clm35_europe_3km_remap_EMO-pr-forcing/,CLM 0.0275 degree soil moisture for Europe  (2018-01-01 - 2018-12-31),,clm_emo_sm_europe_0p0275deg_daily_20180101_20181231,CLM 0.0275 degree soil moisture output for the Europe region between 2018-01-01 and 2018-12-31,https://datapub.fz-juelich.de/slts/4DHydro/data_clm35_europe_3km_remap_EMO-pr-forcing//clm_emo_sm_europe_0p0275deg_daily_20180101_20181231.nc,,NetCDF,,2018-01-01,2018-12-31,europe,WGS84,0.0275 degree,daily,2024-04-03,"[[[-10,33],[41,33],[41,72],[-10,72],[-10,33]]]",soil moisture,https://datapub.fz-juelich.de/slts/4DHydro/,land,,,,FZJ
74,4dHydro,https://datapub.fz-juelich.de/slts/4DHydro/data_clm35_europe_3km_remap_EMO-pr-forcing/,CLM 0.0275 degree total water storage for Europe  (1995-01-01 - 1995-12-31),,clm_emo_tws_europe_0p0275deg_daily_19950101_19951231,CLM 0.0275 degree total water storage output for the Europe region between 1995-01-01 and 1995-12-31,https://datapub.fz-juelich.de/slts/4DHydro/data_clm35_europe_3km_remap_EMO-pr-forcing//clm_emo_tws_europe_0p0275deg_daily_19950101_19951231.nc,,NetCDF,,1995-01-01,1995-12-31,europe,WGS84,0.0275 degree,daily,2024-04-03,"[[[-10,33],[41,33],[41,72],[-10,72],[-10,33]]]",total water storage,https://datapub.fz-juelich.de/slts/4DHydro/,land,,,,FZJ
75,4dHydro,https://datapub.fz-juelich.de/slts/4DHydro/data_clm35_europe_3km_remap_EMO-pr-forcing/,CLM 0.0275 degree total water storage for Europe  (1996-01-01 - 1996-12-30),,clm_emo_tws_europe_0p0275deg_daily_19960101_19961230,CLM 0.0275 degree total water storage output for the Europe region between 1996-01-01 and 1996-12-30,https://datapub.fz-juelich.de/slts/4DHydro/data_clm35_europe_3km_remap_EMO-pr-forcing//clm_emo_tws_europe_0p0275deg_daily_19960101_19961230.nc,,NetCDF,,1996-01-01,1996-12-30,europe,WGS84,0.0275 degree,daily,2024-04-03,"[[[-10,33],[41,33],[41,72],[-10,72],[-10,33]]]",total water storage,https://datapub.fz-juelich.de/slts/4DHydro/,land,,,,FZJ
76,4dHydro,https://datapub.fz-juelich.de/slts/4DHydro/data_clm35_europe_3km_remap_EMO-pr-forcing/,CLM 0.0275 degree total water storage for Europe  (1997-01-01 - 1997-12-31),,clm_emo_tws_europe_0p0275deg_daily_19970101_19971231,CLM 0.0275 degree total water storage output for the Europe region between 1997-01-01 and 1997-12-31,https://datapub.fz-juelich.de/slts/4DHydro/data_clm35_europe_3km_remap_EMO-pr-forcing//clm_emo_tws_europe_0p0275deg_daily_19970101_19971231.nc,,NetCDF,,1997-01-01,1997-12-31,europe,WGS84,0.0275 degree,daily,2024-04-03,"[[[-10,33],[41,33],[41,72],[-10,72],[-10,33]]]",total water storage,https://datapub.fz-juelich.de/slts/4DHydro/,land,,,,FZJ
77,4dHydro,https://datapub.fz-juelich.de/slts/4DHydro/data_clm35_europe_3km_remap_EMO-pr-forcing/,CLM 0.0275 degree total water storage for Europe  (1998-01-01 - 1998-12-31),,clm_emo_tws_europe_0p0275deg_daily_19980101_19981231,CLM 0.0275 degree total water storage output for the Europe region between 1998-01-01 and 1998-12-31,https://datapub.fz-juelich.de/slts/4DHydro/data_clm35_europe_3km_remap_EMO-pr-forcing//clm_emo_tws_europe_0p0275deg_daily_19980101_19981231.nc,,NetCDF,,1998-01-01,1998-12-31,europe,WGS84,0.0275 degree,daily,2024-04-03,"[[[-10,33],[41,33],[41,72],[-10,72],[-10,33]]]",total water storage,https://datapub.fz-juelich.de/slts/4DHydro/,land,,,,FZJ
78,4dHydro,https://datapub.fz-juelich.de/slts/4DHydro/data_clm35_europe_3km_remap_EMO-pr-forcing/,CLM 0.0275 degree total water storage for Europe  (1999-01-01 - 1999-12-31),,clm_emo_tws_europe_0p0275deg_daily_19990101_19991231,CLM 0.0275 degree total water storage output for the Europe region between 1999-01-01 and 1999-12-31,https://datapub.fz-juelich.de/slts/4DHydro/data_clm35_europe_3km_remap_EMO-pr-forcing//clm_emo_tws_europe_0p0275deg_daily_19990101_19991231.nc,,NetCDF,,1999-01-01,1999-12-31,europe,WGS84,0.0275 degree,daily,2024-04-03,"[[[-10,33],[41,33],[41,72],[-10,72],[-10,33]]]",total water storage,https://datapub.fz-juelich.de/slts/4DHydro/,land,,,,FZJ
79,4dHydro,https://datapub.fz-juelich.de/slts/4DHydro/data_clm35_europe_3km_remap_EMO-pr-forcing/,CLM 0.0275 degree total water storage for Europe  (2000-01-01 - 2000-12-30),,clm_emo_tws_europe_0p0275deg_daily_20000101_20001230,CLM 0.0275 degree total water storage output for the Europe region between 2000-01-01 and 2000-12-30,https://datapub.fz-juelich.de/slts/4DHydro/data_clm35_europe_3km_remap_EMO-pr-forcing//clm_emo_tws_europe_0p0275deg_daily_20000101_20001230.nc,,NetCDF,,2000-01-01,2000-12-30,europe,WGS84,0.0275 degree,daily,2024-04-03,"[[[-10,33],[41,33],[41,72],[-10,72],[-10,33]]]",total water storage,https://datapub.fz-juelich.de/slts/4DHydro/,land,,,,FZJ
80,4dHydro,https://datapub.fz-juelich.de/slts/4DHydro/data_clm35_europe_3km_remap_EMO-pr-forcing/,CLM 0.0275 degree total water storage for Europe  (2001-01-01 - 2001-12-31),,clm_emo_tws_europe_0p0275deg_daily_20010101_20011231,CLM 0.0275 degree total water storage output for the Europe region between 2001-01-01 and 2001-12-31,https://datapub.fz-juelich.de/slts/4DHydro/data_clm35_europe_3km_remap_EMO-pr-forcing//clm_emo_tws_europe_0p0275deg_daily_20010101_20011231.nc,,NetCDF,,2001-01-01,2001-12-31,europe,WGS84,0.0275 degree,daily,2024-04-03,"[[[-10,33],[41,33],[41,72],[-10,72],[-10,33]]]",total water storage,https://datapub.fz-juelich.de/slts/4DHydro/,land,,,,FZJ
81,4dHydro,https://datapub.fz-juelich.de/slts/4DHydro/data_clm35_europe_3km_remap_EMO-pr-forcing/,CLM 0.0275 degree total water storage for Europe  (2002-01-01 - 2002-12-31),,clm_emo_tws_europe_0p0275deg_daily_20020101_20021231,CLM 0.0275 degree total water storage output for the Europe region between 2002-01-01 and 2002-12-31,https://datapub.fz-juelich.de/slts/4DHydro/data_clm35_europe_3km_remap_EMO-pr-forcing//clm_emo_tws_europe_0p0275deg_daily_20020101_20021231.nc,,NetCDF,,2002-01-01,2002-12-31,europe,WGS84,0.0275 degree,daily,2024-04-03,"[[[-10,33],[41,33],[41,72],[-10,72],[-10,33]]]",total water storage,https://datapub.fz-juelich.de/slts/4DHydro/,land,,,,FZJ
82,4dHydro,https://datapub.fz-juelich.de/slts/4DHydro/data_clm35_europe_3km_remap_EMO-pr-forcing/,CLM 0.0275 degree total water storage for Europe  (2003-01-01 - 2003-12-31),,clm_emo_tws_europe_0p0275deg_daily_20030101_20031231,CLM 0.0275 degree total water storage output for the Europe region between 2003-01-01 and 2003-12-31,https://datapub.fz-juelich.de/slts/4DHydro/data_clm35_europe_3km_remap_EMO-pr-forcing//clm_emo_tws_europe_0p0275deg_daily_20030101_20031231.nc,,NetCDF,,2003-01-01,2003-12-31,europe,WGS84,0.0275 degree,daily,2024-04-03,"[[[-10,33],[41,33],[41,72],[-10,72],[-10,33]]]",total water storage,https://datapub.fz-juelich.de/slts/4DHydro/,land,,,,FZJ
83,4dHydro,https://datapub.fz-juelich.de/slts/4DHydro/data_clm35_europe_3km_remap_EMO-pr-forcing/,CLM 0.0275 degree total water storage for Europe  (2004-01-01 - 2004-12-30),,clm_emo_tws_europe_0p0275deg_daily_20040101_20041230,CLM 0.0275 degree total water storage output for the Europe region between 2004-01-01 and 2004-12-30,https://datapub.fz-juelich.de/slts/4DHydro/data_clm35_europe_3km_remap_EMO-pr-forcing//clm_emo_tws_europe_0p0275deg_daily_20040101_20041230.nc,,NetCDF,,2004-01-01,2004-12-30,europe,WGS84,0.0275 degree,daily,2024-04-03,"[[[-10,33],[41,33],[41,72],[-10,72],[-10,33]]]",total water storage,https://datapub.fz-juelich.de/slts/4DHydro/,land,,,,FZJ
84,4dHydro,https://datapub.fz-juelich.de/slts/4DHydro/data_clm35_europe_3km_remap_EMO-pr-forcing/,CLM 0.0275 degree total water storage for Europe  (2005-01-01 - 2005-12-31),,clm_emo_tws_europe_0p0275deg_daily_20050101_20051231,CLM 0.0275 degree total water storage output for the Europe region between 2005-01-01 and 2005-12-31,https://datapub.fz-juelich.de/slts/4DHydro/data_clm35_europe_3km_remap_EMO-pr-forcing//clm_emo_tws_europe_0p0275deg_daily_20050101_20051231.nc,,NetCDF,,2005-01-01,2005-12-31,europe,WGS84,0.0275 degree,daily,2024-04-03,"[[[-10,33],[41,33],[41,72],[-10,72],[-10,33]]]",total water storage,https://datapub.fz-juelich.de/slts/4DHydro/,land,,,,FZJ
85,4dHydro,https://datapub.fz-juelich.de/slts/4DHydro/data_clm35_europe_3km_remap_EMO-pr-forcing/,CLM 0.0275 degree total water storage for Europe  (2006-01-01 - 2006-12-31),,clm_emo_tws_europe_0p0275deg_daily_20060101_20061231,CLM 0.0275 degree total water storage output for the Europe region between 2006-01-01 and 2006-12-31,https://datapub.fz-juelich.de/slts/4DHydro/data_clm35_europe_3km_remap_EMO-pr-forcing//clm_emo_tws_europe_0p0275deg_daily_20060101_20061231.nc,,NetCDF,,2006-01-01,2006-12-31,europe,WGS84,0.0275 degree,daily,2024-04-03,"[[[-10,33],[41,33],[41,72],[-10,72],[-10,33]]]",total water storage,https://datapub.fz-juelich.de/slts/4DHydro/,land,,,,FZJ
86,4dHydro,https://datapub.fz-juelich.de/slts/4DHydro/data_clm35_europe_3km_remap_EMO-pr-forcing/,CLM 0.0275 degree total water storage for Europe  (2007-01-01 - 2007-12-31),,clm_emo_tws_europe_0p0275deg_daily_20070101_20071231,CLM 0.0275 degree total water storage output for the Europe region between 2007-01-01 and 2007-12-31,https://datapub.fz-juelich.de/slts/4DHydro/data_clm35_europe_3km_remap_EMO-pr-forcing//clm_emo_tws_europe_0p0275deg_daily_20070101_20071231.nc,,NetCDF,,2007-01-01,2007-12-31,europe,WGS84,0.0275 degree,daily,2024-04-03,"[[[-10,33],[41,33],[41,72],[-10,72],[-10,33]]]",total water storage,https://datapub.fz-juelich.de/slts/4DHydro/,land,,,,FZJ
87,4dHydro,https://datapub.fz-juelich.de/slts/4DHydro/data_clm35_europe_3km_remap_EMO-pr-forcing/,CLM 0.0275 degree total water storage for Europe  (2008-01-01 - 2008-12-30),,clm_emo_tws_europe_0p0275deg_daily_20080101_20081230,CLM 0.0275 degree total water storage output for the Europe region between 2008-01-01 and 2008-12-30,https://datapub.fz-juelich.de/slts/4DHydro/data_clm35_europe_3km_remap_EMO-pr-forcing//clm_emo_tws_europe_0p0275deg_daily_20080101_20081230.nc,,NetCDF,,2008-01-01,2008-12-30,europe,WGS84,0.0275 degree,daily,2024-04-03,"[[[-10,33],[41,33],[41,72],[-10,72],[-10,33]]]",total water storage,https://datapub.fz-juelich.de/slts/4DHydro/,land,,,,FZJ
88,4dHydro,https://datapub.fz-juelich.de/slts/4DHydro/data_clm35_europe_3km_remap_EMO-pr-forcing/,CLM 0.0275 degree total water storage for Europe  (2009-01-01 - 2009-12-31),,clm_emo_tws_europe_0p0275deg_daily_20090101_20091231,CLM 0.0275 degree total water storage output for the Europe region between 2009-01-01 and 2009-12-31,https://datapub.fz-juelich.de/slts/4DHydro/data_clm35_europe_3km_remap_EMO-pr-forcing//clm_emo_tws_europe_0p0275deg_daily_20090101_20091231.nc,,NetCDF,,2009-01-01,2009-12-31,europe,WGS84,0.0275 degree,daily,2024-04-03,"[[[-10,33],[41,33],[41,72],[-10,72],[-10,33]]]",total water storage,https://datapub.fz-juelich.de/slts/4DHydro/,land,,,,FZJ
89,4dHydro,https://datapub.fz-juelich.de/slts/4DHydro/data_clm35_europe_3km_remap_EMO-pr-forcing/,CLM 0.0275 degree total water storage for Europe  (2010-01-01 - 2010-12-31),,clm_emo_tws_europe_0p0275deg_daily_20100101_20101231,CLM 0.0275 degree total water storage output for the Europe region between 2010-01-01 and 2010-12-31,https://datapub.fz-juelich.de/slts/4DHydro/data_clm35_europe_3km_remap_EMO-pr-forcing//clm_emo_tws_europe_0p0275deg_daily_20100101_20101231.nc,,NetCDF,,2010-01-01,2010-12-31,europe,WGS84,0.0275 degree,daily,2024-04-03,"[[[-10,33],[41,33],[41,72],[-10,72],[-10,33]]]",total water storage,https://datapub.fz-juelich.de/slts/4DHydro/,land,,,,FZJ
90,4dHydro,https://datapub.fz-juelich.de/slts/4DHydro/data_clm35_europe_3km_remap_EMO-pr-forcing/,CLM 0.0275 degree total water storage for Europe  (2011-01-01 - 2011-12-31),,clm_emo_tws_europe_0p0275deg_daily_20110101_20111231,CLM 0.0275 degree total water storage output for the Europe region between 2011-01-01 and 2011-12-31,https://datapub.fz-juelich.de/slts/4DHydro/data_clm35_europe_3km_remap_EMO-pr-forcing//clm_emo_tws_europe_0p0275deg_daily_20110101_20111231.nc,,NetCDF,,2011-01-01,2011-12-31,europe,WGS84,0.0275 degree,daily,2024-04-03,"[[[-10,33],[41,33],[41,72],[-10,72],[-10,33]]]",total water storage,https://datapub.fz-juelich.de/slts/4DHydro/,land,,,,FZJ
91,4dHydro,https://datapub.fz-juelich.de/slts/4DHydro/data_clm35_europe_3km_remap_EMO-pr-forcing/,CLM 0.0275 degree total water storage for Europe  (2012-01-01 - 2012-12-30),,clm_emo_tws_europe_0p0275deg_daily_20120101_20121230,CLM 0.0275 degree total water storage output for the Europe region between 2012-01-01 and 2012-12-30,https://datapub.fz-juelich.de/slts/4DHydro/data_clm35_europe_3km_remap_EMO-pr-forcing//clm_emo_tws_europe_0p0275deg_daily_20120101_20121230.nc,,NetCDF,,2012-01-01,2012-12-30,europe,WGS84,0.0275 degree,daily,2024-04-03,"[[[-10,33],[41,33],[41,72],[-10,72],[-10,33]]]",total water storage,https://datapub.fz-juelich.de/slts/4DHydro/,land,,,,FZJ
92,4dHydro,https://datapub.fz-juelich.de/slts/4DHydro/data_clm35_europe_3km_remap_EMO-pr-forcing/,CLM 0.0275 degree total water storage for Europe  (2013-01-01 - 2013-12-31),,clm_emo_tws_europe_0p0275deg_daily_20130101_20131231,CLM 0.0275 degree total water storage output for the Europe region between 2013-01-01 and 2013-12-31,https://datapub.fz-juelich.de/slts/4DHydro/data_clm35_europe_3km_remap_EMO-pr-forcing//clm_emo_tws_europe_0p0275deg_daily_20130101_20131231.nc,,NetCDF,,2013-01-01,2013-12-31,europe,WGS84,0.0275 degree,daily,2024-04-03,"[[[-10,33],[41,33],[41,72],[-10,72],[-10,33]]]",total water storage,https://datapub.fz-juelich.de/slts/4DHydro/,land,,,,FZJ
93,4dHydro,https://datapub.fz-juelich.de/slts/4DHydro/data_clm35_europe_3km_remap_EMO-pr-forcing/,CLM 0.0275 degree total water storage for Europe  (2014-01-01 - 2014-12-31),,clm_emo_tws_europe_0p0275deg_daily_20140101_20141231,CLM 0.0275 degree total water storage output for the Europe region between 2014-01-01 and 2014-12-31,https://datapub.fz-juelich.de/slts/4DHydro/data_clm35_europe_3km_remap_EMO-pr-forcing//clm_emo_tws_europe_0p0275deg_daily_20140101_20141231.nc,,NetCDF,,2014-01-01,2014-12-31,europe,WGS84,0.0275 degree,daily,2024-04-03,"[[[-10,33],[41,33],[41,72],[-10,72],[-10,33]]]",total water storage,https://datapub.fz-juelich.de/slts/4DHydro/,land,,,,FZJ
94,4dHydro,https://datapub.fz-juelich.de/slts/4DHydro/data_clm35_europe_3km_remap_EMO-pr-forcing/,CLM 0.0275 degree total water storage for Europe  (2015-01-01 - 2015-12-31),,clm_emo_tws_europe_0p0275deg_daily_20150101_20151231,CLM 0.0275 degree total water storage output for the Europe region between 2015-01-01 and 2015-12-31,https://datapub.fz-juelich.de/slts/4DHydro/data_clm35_europe_3km_remap_EMO-pr-forcing//clm_emo_tws_europe_0p0275deg_daily_20150101_20151231.nc,,NetCDF,,2015-01-01,2015-12-31,europe,WGS84,0.0275 degree,daily,2024-04-03,"[[[-10,33],[41,33],[41,72],[-10,72],[-10,33]]]",total water storage,https://datapub.fz-juelich.de/slts/4DHydro/,land,,,,FZJ
95,4dHydro,https://datapub.fz-juelich.de/slts/4DHydro/data_clm35_europe_3km_remap_EMO-pr-forcing/,CLM 0.0275 degree total water storage for Europe  (2016-01-01 - 2016-12-30),,clm_emo_tws_europe_0p0275deg_daily_20160101_20161230,CLM 0.0275 degree total water storage output for the Europe region between 2016-01-01 and 2016-12-30,https://datapub.fz-juelich.de/slts/4DHydro/data_clm35_europe_3km_remap_EMO-pr-forcing//clm_emo_tws_europe_0p0275deg_daily_20160101_20161230.nc,,NetCDF,,2016-01-01,2016-12-30,europe,WGS84,0.0275 degree,daily,2024-04-03,"[[[-10,33],[41,33],[41,72],[-10,72],[-10,33]]]",total water storage,https://datapub.fz-juelich.de/slts/4DHydro/,land,,,,FZJ
96,4dHydro,https://datapub.fz-juelich.de/slts/4DHydro/data_clm35_europe_3km_remap_EMO-pr-forcing/,CLM 0.0275 degree total water storage for Europe  (2017-01-01 - 2017-12-31),,clm_emo_tws_europe_0p0275deg_daily_20170101_20171231,CLM 0.0275 degree total water storage output for the Europe region between 2017-01-01 and 2017-12-31,https://datapub.fz-juelich.de/slts/4DHydro/data_clm35_europe_3km_remap_EMO-pr-forcing//clm_emo_tws_europe_0p0275deg_daily_20170101_20171231.nc,,NetCDF,,2017-01-01,2017-12-31,europe,WGS84,0.0275 degree,daily,2024-04-03,"[[[-10,33],[41,33],[41,72],[-10,72],[-10,33]]]",total water storage,https://datapub.fz-juelich.de/slts/4DHydro/,land,,,,FZJ
97,4dHydro,https://datapub.fz-juelich.de/slts/4DHydro/data_clm35_europe_3km_remap_EMO-pr-forcing/,CLM 0.0275 degree total water storage for Europe  (2018-01-01 - 2018-12-31),,clm_emo_tws_europe_0p0275deg_daily_20180101_20181231,CLM 0.0275 degree total water storage output for the Europe region between 2018-01-01 and 2018-12-31,https://datapub.fz-juelich.de/slts/4DHydro/data_clm35_europe_3km_remap_EMO-pr-forcing//clm_emo_tws_europe_0p0275deg_daily_20180101_20181231.nc,,NetCDF,,2018-01-01,2018-12-31,europe,WGS84,0.0275 degree,daily,2024-04-03,"[[[-10,33],[41,33],[41,72],[-10,72],[-10,33]]]",total water storage,https://datapub.fz-juelich.de/slts/4DHydro/,land,,,,FZJ
98,4dHydro,https://datapub.fz-juelich.de/slts/4DHydro/data_clm35_europe_3km_remap_EMO-pr-forcing/,CLM 0.0275 degree upstream area for Europe ,,clm_emo_uparea_europe_0p0275deg,CLM 0.0275 degree upstream area output for the Europe region,https://datapub.fz-juelich.de/slts/4DHydro/data_clm35_europe_3km_remap_EMO-pr-forcing//clm_emo_uparea_europe_0p0275deg.nc,,NetCDF,,,,europe,WGS84,0.0275 degree,daily,2024-04-03,"[[[-10,33],[41,33],[41,72],[-10,72],[-10,33]]]",upstream area,https://datapub.fz-juelich.de/slts/4DHydro/,land,,,,FZJ
99,4dHydro,https://datapub.fz-juelich.de/slts/4DHydro/data_clm35_europe_3km_remap_EMO-pr-forcing/,CLM 0.0275 degree upstream area for Po River ,,clm_emo_uparea_po_0p0275deg,CLM 0.0275 degree upstream area output for the Po River region,https://datapub.fz-juelich.de/slts/4DHydro/data_clm35_europe_3km_remap_EMO-pr-forcing//clm_emo_uparea_po_0p0275deg.nc,,NetCDF,,,,po,WGS84,0.0275 degree,daily,2024-04-03,"[[[6,43],[12,43],[12,46],[6,46],[6,43]]]",upstream area,https://datapub.fz-juelich.de/slts/4DHydro/,land,,,,FZJ
100,4dHydro,https://datapub.fz-juelich.de/slts/4DHydro/data_clm35_europe_3km_remap_EMO-pr-forcing/,CLM 0.0275 degree upstream area for Rhine River ,,clm_emo_uparea_rhine_0p0275deg,CLM 0.0275 degree upstream area output for the Rhine River region,https://datapub.fz-juelich.de/slts/4DHydro/data_clm35_europe_3km_remap_EMO-pr-forcing//clm_emo_uparea_rhine_0p0275deg.nc,,NetCDF,,,,rhine,WGS84,0.0275 degree,daily,2024-04-03,"[[[3,46],[12,46],[12,52],[3,52],[3,46]]]",upstream area,https://datapub.fz-juelich.de/slts/4DHydro/,land,,,,FZJ
